text_id,cohesion,syntax,vocabulary,phraseology,grammar,conventions
0000C359D63E,3.0245433,2.9359207,3.1289604,3.0284486,2.9338198,2.982948
000BAD50D026,2.699204,2.6107736,2.8351345,2.6912222,2.5846565,2.6562092
00367BB2546B,3.3405082,3.2476792,3.4318962,3.3423355,3.2605681,3.302863
hp,2.4760299,2.3794055,2.6062984,2.4498265,2.3843317,2.4148736
tkm,2.476263,2.3796287,2.6065426,2.450068,2.3845227,2.4151149
va,2.4774399,2.380834,2.6077175,2.4512343,2.3858218,2.4162965
ll,2.6251242,2.5281508,2.7488408,2.5934067,2.536422,2.5660305
sp,2.4760692,2.379443,2.60634,2.4498677,2.384363,2.4149146
bp,2.4760296,2.3794053,2.606298,2.449826,2.3843315,2.4148734
